start,end,actor,recipient,bodypart_actor,bodypart_recipient,label,intensity_of_body_contact,valence_actor,valence_recipient,intention,audio_information
282.00,284.00,MEN,FORREST,,,CHANGE_POSITION,1,POSITIVE,POSITIVE,1,
285.00,286.00,MEN,FORREST,,CHEST,CHANGE_POSITION,1,POSITIVE,POSITIVE,1,
290.00,291.00,MRS. GUMP,FORREST,,,FIX CLOTHING,1,POSITIVE,POSITIVE,1,
314.00,316.00,MRS. GUMP,FORREST,,,HOLD_HANDS,1,POSITIVE,POSITIVE,1,
314.00,317.00,FORREST,MRS. GUMP,,,HOLD_HANDS,1,POSITIVE,POSITIVE,1,
342.00,353.00,MRS. GUMP,FORREST,,,HOLD_HANDS,1,POSITIVE,POSITIVE,1,
342.00,353.00,FORREST,MRS. GUMP,,,HOLD_HANDS,1,POSITIVE,POSITIVE,1,
352.00,353.00,MRS. GUMP,FORREST,,,PULL_SOMEBODY,1,POSITIVE,NEGATIVE,1,AUDITORY
355.00,357.00,MRS. GUMP,FORREST,,,,1,POSITIVE,NEGATIVE,1,AUDITORY
359.00,361.00,FORREST,MRS. GUMP,,,HOLD,0,NEGATIVE,POSITIVE,1,
363.00,363.00,MRS. GUMP,FORREST,,,,1,POSITIVE,POSITIVE,1,
363.00,364.00,MRS. GUMP,FORREST,,ABDOMEN,BRUSH PAST,0,POSITIVE,POSITIVE,1,
364.00,365.00,MRS. GUMP,FORREST,,,HOLD,1,POSITIVE,NEGATIVE,1,
366.00,376.00,MRS. GUMP,FORREST,,,HOLD_HANDS,1,POSITIVE,POSITIVE,1,
385.00,409.00,MRS. GUMP,FORREST,,,HOLD_HANDS,1,POSITIVE,POSITIVE,1,
385.00,409.00,FORREST,MRS. GUMP,,,HOLD_HANDS,1,POSITIVE,POSITIVE,1,
409.00,410.00,MRS. GUMP,FORREST,,,HOLD_HANDS,1,POSITIVE,POSITIVE,1,
409.00,410.00,FORREST,MRS. GUMP,,,HOLD_HANDS,1,POSITIVE,POSITIVE,1,
410.00,411.00,MRS. GUMP,FORREST,,,HOLD_HANDS,1,POSITIVE,POSITIVE,1,
410.00,411.00,FORREST,MRS. GUMP,,,HOLD_HANDS,1,POSITIVE,POSITIVE,1,
411.00,411.00,MRS. GUMP,FORREST,,,HOLD_HANDS,1,POSITIVE,POSITIVE,1,
411.00,411.00,FORREST,MRS. GUMP,,,HOLD_HANDS,1,POSITIVE,POSITIVE,1,
412.00,412.00,MRS. GUMP,FORREST,,,HOLD_HANDS,1,POSITIVE,POSITIVE,1,
412.00,412.00,FORREST,MRS. GUMP,,,HOLD_HANDS,1,POSITIVE,POSITIVE,1,
413.00,413.00,MRS. GUMP,FORREST,,,HOLD_HANDS,1,POSITIVE,POSITIVE,1,
413.00,413.00,FORREST,MRS. GUMP,,,HOLD_HANDS,1,POSITIVE,POSITIVE,1,
414.00,425.00,MRS. GUMP,FORREST,,,HOLD_HANDS,1,POSITIVE,POSITIVE,1,
414.00,425.00,FORREST,MRS. GUMP,,,HOLD_HANDS,1,POSITIVE,POSITIVE,1,
426.00,427.00,MRS. GUMP,FORREST,,,HOLD_HANDS,1,POSITIVE,POSITIVE,1,
426.00,427.00,FORREST,MRS. GUMP,,,HOLD_HANDS,1,POSITIVE,POSITIVE,1,
427.00,434.00,MRS. GUMP,FORREST,,,HOLD,1,POSITIVE,POSITIVE,1,
712.00,717.00,MRS. GUMP,FORREST,,FACE,HOLD,1,POSITIVE,POSITIVE,1,
717.00,717.00,MRS. GUMP,FORREST,FACE,FACE,,0,STRONG_POSITIVE,STRONG_POSITIVE,1,
718.00,721.00,MRS. GUMP,FORREST,,,CHANGE_POSITION,1,POSITIVE,POSITIVE,1,
840.00,840.00,JENNY,FORREST,,,SHAKE_HANDS,1,POSITIVE,STRONG_POSITIVE,1,
840.00,841.00,JENNY,FORREST,,,SHAKE_HANDS,1,POSITIVE,STRONG_POSITIVE,1,
841.00,842.00,JENNY,FORREST,,,SHAKE_HANDS,1,POSITIVE,STRONG_POSITIVE,1,
857.00,861.00,JENNY,FORREST,,,NESTLE,0,POSITIVE,POSITIVE,1,
857.00,861.00,FORREST,JENNY,,,NESTLE,0,POSITIVE,POSITIVE,1,
872.00,882.00,JENNY,FORREST,,,HOLD_HANDS,1,STRONG_POSITIVE,STRONG_POSITIVE,1,
883.00,886.00,JENNY,FORREST,,,HOLD_HANDS,1,STRONG_POSITIVE,STRONG_POSITIVE,1,
906.00,906.00,JENNY,FORREST,,,CHANGE_POSITION,1,POSITIVE,STRONG_POSITIVE,1,AUDITORY
906.00,908.00,JENNY,FORREST,,,CHANGE_POSITION,1,POSITIVE,STRONG_POSITIVE,1,AUDITORY
912.00,912.00,JENNY,FORREST,,,TAP,0,POSITIVE,POSITIVE,1,
912.00,912.00,JENNY,FORREST,,BACK,NUDGE,0,POSITIVE,POSITIVE,1,
1073.00,1073.00,JENNY,FORREST,,,PULL_SOMEBODY,1,POSITIVE,POSITIVE,1,
1078.00,1079.00,JENNY,FORREST,,,PULL_SOMEBODY,1,POSITIVE,POSITIVE,1,
1083.00,1083.00,JENNY,FORREST,,,PULL_SOMEBODY,1,POSITIVE,POSITIVE,1,
1084.00,1084.00,JENNY,FORREST,,,PULL_SOMEBODY,1,POSITIVE,POSITIVE,1,
1084.00,1084.00,JENNY,FORREST,,,PULL_SOMEBODY,1,POSITIVE,POSITIVE,1,
1089.00,1089.00,JENNY,FORREST,,,CHANGE_POSITION,0,POSITIVE,POSITIVE,1,
1136.00,1144.00,JENNY,FORREST,,,HUG,0,STRONG_POSITIVE,STRONG_POSITIVE,1,
1226.00,1226.00,MEN,MEN,CHEST,,TACKLE,1,POSITIVE,NEGATIVE,1,
1244.00,1244.00,MEN,MEN,,,TACKLE,1,NEGATIVE,NEGATIVE,1,
1248.00,1249.00,MEN,FORREST,,BACK,NUDGE,1,POSITIVE,POSITIVE,1,
1267.00,1268.00,MEN,MEN,,,HOLD,1,STRONG_POSITIVE,POSITIVE,1,
1270.00,1270.00,MEN,MEN,,,TACKLE,1,STRONG_NEGATIVE,STRONG_NEGATIVE,0,
1273.00,1274.00,MEN,MEN,,,TACKLE,1,STRONG_NEGATIVE,STRONG_NEGATIVE,0,
1282.00,1282.00,FORREST,MEN,,,PUSH_AWAY,1,NEGATIVE,STRONG_NEGATIVE,0,
1311.00,1314.00,JENNY,MEN,,,CUDDLE,1,STRONG_POSITIVE,STRONG_POSITIVE,1,
1311.00,1314.00,MEN,JENNY,,,CUDDLE,1,STRONG_POSITIVE,STRONG_POSITIVE,1,
1314.00,1314.00,JENNY,MEN,FACE,FACE,,1,STRONG_POSITIVE,STRONG_POSITIVE,1,
1314.00,1314.00,MEN,JENNY,FACE,FACE,,1,STRONG_POSITIVE,STRONG_POSITIVE,1,
1339.00,1341.00,JENNY,FORREST,,,,1,STRONG_NEGATIVE,NEGATIVE,1,
1343.00,1344.00,JENNY,MEN,,,NUDGE,0,NEGATIVE,STRONG_NEGATIVE,1,AUDITORY
1345.00,1346.00,JENNY,FORREST,,,NUDGE,0,NEGATIVE,NEGATIVE,1,AUDITORY
1348.00,1348.00,JENNY,MEN,,CHEST,HOLD,0,POSITIVE,STRONG_NEGATIVE,1,
1348.00,1348.00,MEN,JENNY,,,PUSH_AWAY,1,STRONG_NEGATIVE,STRONG_NEGATIVE,1,AUDITORY
1350.00,1350.00,JENNY,MEN,,CHEST,HOLD,0,NEGATIVE,NEGATIVE,1,
1350.00,1350.00,MEN,JENNY,,BACK,PUSH_AWAY,1,NEGATIVE,STRONG_NEGATIVE,1,
1382.00,1383.00,JENNY,FORREST,,,HOLD_HANDS,1,POSITIVE,POSITIVE,1,
1386.00,1387.00,JENNY,FORREST,,,HOLD_HANDS,1,POSITIVE,POSITIVE,1,
1386.00,1387.00,FORREST,JENNY,,,HOLD_HANDS,1,POSITIVE,POSITIVE,1,
1467.00,1468.00,JENNY,FORREST,,,LEAD,0,POSITIVE,STRONG_POSITIVE,1,
1479.00,1479.00,JENNY,FORREST,,,HOLD_HANDS,0,POSITIVE,POSITIVE,1,
1479.00,1479.00,FORREST,JENNY,,,HOLD_HANDS,0,POSITIVE,POSITIVE,1,
1496.00,1522.00,JENNY,FORREST,,,NESTLE,0,STRONG_POSITIVE,STRONG_POSITIVE,1,
1515.00,1515.00,JENNY,FORREST,FACE,FACE,,0,STRONG_POSITIVE,STRONG_POSITIVE,1,
1537.00,1540.00,MEN,MEN,,,JOSTLE,0,NEGATIVE,NEGATIVE,0,
1580.00,1582.00,MEN,MEN,,,SHAKE_HANDS,1,POSITIVE,POSITIVE,1,
1584.00,1586.00,MEN,MEN,,,SHAKE_HANDS,1,POSITIVE,POSITIVE,1,
1592.00,1593.00,FORREST,MEN,,,SHAKE_HANDS,1,NEGATIVE,POSITIVE,1,
1640.00,1642.00,FORREST,MEN,,,SHAKE_HANDS,1,STRONG_POSITIVE,POSITIVE,1,
1640.00,1642.00,MEN,FORREST,,,SHAKE_HANDS,1,POSITIVE,STRONG_POSITIVE,1,
1643.00,1643.00,FORREST,MEN,,,SHAKE_HANDS,1,STRONG_POSITIVE,POSITIVE,1,
1643.00,1643.00,MEN,FORREST,,,SHAKE_HANDS,1,POSITIVE,STRONG_POSITIVE,1,
1645.00,1646.00,MRS. GUMP,FORREST,,,ARM_AROUND_SHOULDER,0,STRONG_POSITIVE,STRONG_POSITIVE,1,
1650.00,1650.00,MEN,FORREST,,,TAP,0,POSITIVE,POSITIVE,1,
1719.00,1719.00,BUBBA,FORREST,,,SHAKE_HANDS,0,POSITIVE,POSITIVE,1,
1719.00,1720.00,BUBBA,FORREST,,,SHAKE_HANDS,0,POSITIVE,POSITIVE,1,
1720.00,1722.00,BUBBA,FORREST,,,SHAKE_HANDS,0,POSITIVE,POSITIVE,1,
1999.00,1999.00,JENNY,MEN,,,HIT,0,STRONG_NEGATIVE,STRONG_NEGATIVE,1,
2013.00,2014.00,FORREST,MEN,,,PUSH_AWAY,1,STRONG_NEGATIVE,STRONG_NEGATIVE,1,
2014.00,2015.00,MEN,FORREST,,,HOLD,0,NEGATIVE,NEGATIVE,1,
2015.00,2016.00,MEN,FORREST,,,HOLD,0,NEGATIVE,NEGATIVE,1,
2015.00,2016.00,FORREST,MEN,,CHEST,PUSH_AWAY,1,STRONG_NEGATIVE,STRONG_NEGATIVE,1,
2022.00,2022.00,FORREST,JENNY,,,CARRY,1,POSITIVE,NEGATIVE,1,
2023.00,2024.00,JENNY,FORREST,,CHEST,PUSH_AWAY,0,NEGATIVE,NEGATIVE,1,
2180.00,2180.00,MEN,MEN,,BACK,NUDGE,0,POSITIVE,POSITIVE,1,
2521.00,2583.00,BUBBA,FORREST,BACK,BACK,NESTLE,0,STRONG_POSITIVE,STRONG_POSITIVE,1,AUDITORY
2606.00,2607.00,JENNY,WOMAN,,,HUG,0,POSITIVE,POSITIVE,1,
2688.00,2688.00,DAN,MEN,,BACK,BRUSH PAST,0,POSITIVE,POSITIVE,0,
2712.00,2713.00,DAN,FORREST,,,CHANGE_POSITION,1,POSITIVE,POSITIVE,1,
2714.00,2714.00,DAN,FORREST,,,CHANGE_POSITION,1,POSITIVE,POSITIVE,1,
2783.00,2784.00,FORREST,MEN,,,CHANGE_POSITION,1,POSITIVE,STRONG_POSITIVE,1,
2785.00,2788.00,FORREST,MEN,,,CARRY,1,POSITIVE,STRONG_POSITIVE,1,
2789.00,2790.00,FORREST,MEN,,,CARRY,1,POSITIVE,STRONG_POSITIVE,1,
2790.00,2803.00,FORREST,MEN,,,CARRY,1,POSITIVE,STRONG_POSITIVE,1,
2804.00,2804.00,FORREST,MEN,,CHEST,CHANGE_POSITION,0,POSITIVE,STRONG_POSITIVE,1,
2809.00,2813.00,FORREST,MEN,,,CARRY,1,POSITIVE,STRONG_POSITIVE,1,
2818.00,2819.00,FORREST,MEN,,,CHANGE_POSITION,1,POSITIVE,NEGATIVE,1,
2820.00,2820.00,FORREST,MEN,,,CHANGE_POSITION,1,POSITIVE,POSITIVE,1,
2841.00,2844.00,FORREST,DAN,,,LAY_ON_SOMEBODY,0,POSITIVE,NEGATIVE,1,
2844.00,2845.00,DAN,FORREST,,,PUSH_AWAY,1,NEGATIVE,NEGATIVE,1,
2846.00,2851.00,FORREST,DAN,,ABDOMEN,FIX CLOTHING,0,POSITIVE,NEGATIVE,1,
2851.00,2852.00,DAN,FORREST,,,PUSH_AWAY,1,STRONG_NEGATIVE,NEGATIVE,1,AUDITORY
2853.00,2853.00,FORREST,DAN,,,HOLD,0,POSITIVE,STRONG_NEGATIVE,1,
2853.00,2853.00,DAN,FORREST,,CHEST,PUSH_AWAY,1,STRONG_NEGATIVE,NEGATIVE,1,AUDITORY
2854.00,2855.00,FORREST,DAN,,CHEST,WRESTLE,0,POSITIVE,NEGATIVE,1,
2854.00,2855.00,DAN,FORREST,CHEST,,WRESTLE,0,NEGATIVE,POSITIVE,1,
2855.00,2856.00,FORREST,DAN,,CHEST,CHANGE_POSITION,1,POSITIVE,STRONG_NEGATIVE,1,
2856.00,2860.00,FORREST,DAN,,,CARRY,1,POSITIVE,STRONG_NEGATIVE,1,
2866.00,2870.00,FORREST,DAN,,,CARRY,1,POSITIVE,STRONG_NEGATIVE,1,
2870.00,2871.00,FORREST,DAN,,,CHANGE_POSITION,0,NEGATIVE,STRONG_NEGATIVE,0,
2878.00,2878.00,FORREST,DAN,,,PULL_SOMEBODY,1,POSITIVE,STRONG_NEGATIVE,1,
2878.00,2880.00,FORREST,DAN,,,PULL_SOMEBODY,1,POSITIVE,STRONG_NEGATIVE,1,
2881.00,2884.00,FORREST,DAN,,,CARRY,1,POSITIVE,STRONG_NEGATIVE,1,
2885.00,2886.00,FORREST,DAN,,ABDOMEN,CARRY,1,POSITIVE,STRONG_NEGATIVE,1,
2887.00,2888.00,FORREST,DAN,,ABDOMEN,CARRY,1,POSITIVE,STRONG_NEGATIVE,1,
2889.00,2895.00,FORREST,DAN,,,CARRY,1,POSITIVE,STRONG_NEGATIVE,1,
2896.00,2897.00,FORREST,DAN,,,CHANGE_POSITION,1,POSITIVE,STRONG_NEGATIVE,1,
2898.00,2898.00,DAN,FORREST,,,HOLD,0,STRONG_NEGATIVE,NEGATIVE,1,
2899.00,2899.00,DAN,FORREST,,CHEST,HOLD,0,STRONG_NEGATIVE,NEGATIVE,1,
2899.00,2901.00,DAN,FORREST,,,HOLD,0,STRONG_NEGATIVE,NEGATIVE,1,
2901.00,2905.00,DAN,FORREST,,,HOLD,1,STRONG_NEGATIVE,NEGATIVE,1,
2905.00,2908.00,DAN,FORREST,,,HOLD,1,STRONG_NEGATIVE,NEGATIVE,1,
2928.00,2929.00,FORREST,BUBBA,,,PAT,0,POSITIVE,POSITIVE,1,
2962.00,2965.00,FORREST,BUBBA,,,CHANGE_POSITION,1,POSITIVE,POSITIVE,1,
2965.00,2971.00,FORREST,BUBBA,,,CARRY,1,STRONG_POSITIVE,STRONG_POSITIVE,1,
2971.00,2973.00,FORREST,BUBBA,,,CARRY,1,STRONG_POSITIVE,STRONG_POSITIVE,1,
2974.00,2974.00,FORREST,BUBBA,,,CARRY,1,STRONG_POSITIVE,STRONG_POSITIVE,1,
2974.00,2976.00,FORREST,BUBBA,,,CARRY,1,STRONG_POSITIVE,STRONG_POSITIVE,1,
2981.00,2996.00,FORREST,BUBBA,,,CARRY,1,STRONG_POSITIVE,STRONG_POSITIVE,1,
3004.00,3027.00,FORREST,BUBBA,,,CARRY,1,STRONG_POSITIVE,STRONG_POSITIVE,1,
3027.00,3059.00,BUBBA,FORREST,,,ARM_AROUND_SHOULDER,0,STRONG_POSITIVE,STRONG_POSITIVE,1,
3124.00,3125.00,MEN,DAN,,,,0,POSITIVE,NEGATIVE,1,
3125.00,3125.00,MEN,DAN,,,,0,POSITIVE,NEGATIVE,1,
3126.00,3127.00,MEN,DAN,,,,0,POSITIVE,NEGATIVE,1,
3127.00,3130.00,MEN,DAN,,BACK,CHANGE_POSITION,1,POSITIVE,NEGATIVE,1,
3130.00,3140.00,MEN,DAN,,,CARRY,1,POSITIVE,STRONG_NEGATIVE,1,
3310.00,3314.00,MEN,FORREST,,,SHAKE_HANDS,0,POSITIVE,POSITIVE,1,
3351.00,3352.00,WOMAN,FORREST,,,TAP,0,NEGATIVE,NEGATIVE,1,
3353.00,3356.00,WOMAN,FORREST,,,LEAD,0,NEGATIVE,NEGATIVE,1,
3357.00,3357.00,WOMAN,FORREST,,,PAT,0,NEGATIVE,NEGATIVE,1,
3361.00,3362.00,MEN,FORREST,,HIP,PUSH_AWAY,0,POSITIVE,NEGATIVE,1,
3363.00,3364.00,MEN,FORREST,,BACK,LEAD,0,POSITIVE,NEGATIVE,1,
3364.00,3365.00,MEN,FORREST,,BACK,LEAD,0,POSITIVE,NEGATIVE,1,
3377.00,3377.00,WOMAN,FORREST,,,NUDGE,1,POSITIVE,NEGATIVE,1,
3378.00,3379.00,,FORREST,,,NUDGE,0,POSITIVE,NEGATIVE,1,
3379.00,3379.00,WOMAN,FORREST,,,TAP,0,POSITIVE,POSITIVE,1,
3379.00,3379.00,WOMAN,MEN,,BACK,LEAD,0,POSITIVE,POSITIVE,1,
3380.00,3381.00,MEN,FORREST,,BACK,PUSH_AWAY,0,NEGATIVE,NEGATIVE,0,
3381.00,3382.00,MEN,FORREST,,,HOLD,0,POSITIVE,POSITIVE,1,
3416.00,3416.00,WOMAN,FORREST,,,TAP,0,POSITIVE,POSITIVE,1,
3418.00,3418.00,WOMAN,FORREST,,,PULL_SOMEBODY,1,POSITIVE,STRONG_NEGATIVE,1,
3423.00,3424.00,MEN,FORREST,,BACK,PUSH_AWAY,1,POSITIVE,NEGATIVE,1,
3493.00,3493.00,WOMAN,MEN,,BACK,PUSH_AWAY,1,STRONG_NEGATIVE,STRONG_NEGATIVE,1,
3375.00,3375.00,MEN,MEN,,,HOLD,1,STRONG_NEGATIVE,STRONG_NEGATIVE,1,
3497.00,3499.00,MEN,WOMAN,,,BRUSH PAST,0,POSITIVE,POSITIVE,0,
3497.00,3499.00,WOMAN,MEN,,,BRUSH PAST,0,POSITIVE,POSITIVE,0,
3512.00,3513.00,WOMAN,WOMAN,,,BRUSH PAST,0,POSITIVE,POSITIVE,0,
3524.00,3536.00,MEN,FORREST,,,UNDRESS_SOMEONE,1,STRONG_POSITIVE,POSITIVE,1,
3566.00,3578.00,FORREST,JENNY,,,HUG,1,STRONG_POSITIVE,STRONG_POSITIVE,1,
3566.00,3578.00,JENNY,FORREST,,,HUG,1,STRONG_POSITIVE,STRONG_POSITIVE,1,
3578.00,3586.00,JENNY,FORREST,,,HOOK_ARM,0,POSITIVE,POSITIVE,1,
3593.00,3594.00,MEN,FORREST,,,SCAN,1,NEGATIVE,NEGATIVE,1,AUDITORY
3595.00,3596.00,JENNY,MEN,,CHEST,PUSH_AWAY,0,NEGATIVE,STRONG_NEGATIVE,1,AUDITORY
3596.00,3596.00,MEN,JENNY,,,PUSH_AWAY,1,NEGATIVE,NEGATIVE,1,
3598.00,3598.00,MEN,JENNY,CHEST,,BRUSH PAST,0,NEGATIVE,NEGATIVE,0,
3608.00,3608.00,MEN,MEN,,,HOLD,1,NEGATIVE,NEGATIVE,1,AUDITORY
3623.00,3624.00,MEN,MEN,,,BRUSH PAST,0,POSITIVE,POSITIVE,0,
3624.00,3624.00,JENNY,MEN,,,BRUSH PAST,0,NEGATIVE,NEGATIVE,0,
3644.00,3644.00,MEN,JENNY,,FACE,SMACK,1,STRONG_NEGATIVE,STRONG_NEGATIVE,1,
3654.00,3655.00,FORREST,MEN,,,TACKLE,1,STRONG_NEGATIVE,STRONG_NEGATIVE,1,
3656.00,3657.00,FORREST,MEN,,,TACKLE,1,STRONG_NEGATIVE,STRONG_NEGATIVE,1,AUDITORY
3658.00,3661.00,FORREST,MEN,,,HIT,1,STRONG_NEGATIVE,STRONG_NEGATIVE,1,
3663.00,3663.00,JENNY,FORREST,,,HOLD,0,POSITIVE,NEGATIVE,1,
3663.00,3664.00,JENNY,FORREST,,,PUSH_AWAY,0,POSITIVE,NEGATIVE,1,
3665.00,3666.00,JENNY,FORREST,,,PAT,0,POSITIVE,STRONG_NEGATIVE,1,
3724.00,3725.00,JENNY,FORREST,,,PAT,0,POSITIVE,POSITIVE,1,
3745.00,3752.00,JENNY,FORREST,,,ARM_AROUND_SHOULDER,0,POSITIVE,POSITIVE,1,
3844.00,3844.00,FORREST,JENNY,,,PAT,0,STRONG_POSITIVE,STRONG_POSITIVE,1,
3844.00,3845.00,FORREST,JENNY,,,PAT,0,STRONG_POSITIVE,STRONG_POSITIVE,1,
3869.00,3873.00,JENNY,FORREST,,,HUG,1,STRONG_POSITIVE,STRONG_POSITIVE,1,
3870.00,3871.00,FORREST,JENNY,,BACK,TAP,0,POSITIVE,POSITIVE,1,
3872.00,3872.00,JENNY,FORREST,,BACK,TAP,0,POSITIVE,POSITIVE,1,
4111.00,4117.00,MEN,MEN,,,NESTLE,0,POSITIVE,POSITIVE,0,
4252.00,4255.00,DAN,FORREST,,,TAP,0,POSITIVE,POSITIVE,1,
4272.00,4273.00,WOMAN,DAN,,HEAD,PAT,0,POSITIVE,POSITIVE,1,
4280.00,4280.00,WOMAN,DAN,,,BRUSH PAST,0,POSITIVE,POSITIVE,0,
4281.00,4281.00,WOMAN,DAN,,HEAD,PAT,0,POSITIVE,POSITIVE,1,
4284.00,4284.00,WOMAN,DAN,,HEAD,FIX CLOTHING,0,POSITIVE,POSITIVE,1,
4286.00,4286.00,WOMAN,DAN,,HEAD,PAT,0,POSITIVE,POSITIVE,1,
4296.00,4296.00,WOMAN,WOMAN,,,BRUSH PAST,0,POSITIVE,NEGATIVE,0,
4297.00,4298.00,WOMAN,DAN,FACE,HEAD,,0,POSITIVE,STRONG_POSITIVE,1,
4298.00,4299.00,WOMAN,FORREST,,,PAT,0,POSITIVE,POSITIVE,1,
4354.00,4356.00,,FORREST,FACE,FACE,,0,POSITIVE,POSITIVE,1,
4504.00,4507.00,MRS. GUMP,FORREST,,,HOLD,0,STRONG_POSITIVE,STRONG_POSITIVE,1,
4506.00,4506.00,MRS. GUMP,FORREST,FACE,FACE,,1,STRONG_POSITIVE,STRONG_POSITIVE,,AUDITORY
4506.00,4508.00,FORREST,MRS. GUMP,,,TAP,0,STRONG_POSITIVE,STRONG_POSITIVE,1,AUDITORY
4509.00,4511.00,MRS. GUMP,FORREST,,,LEAD,0,STRONG_POSITIVE,STRONG_POSITIVE,1,
4724.00,4725.00,MEN,JENNY,,BACK,PAT,0,POSITIVE,NEGATIVE,1,
4900.00,4900.00,FORREST,DAN,,,SHAKE_HANDS,0,STRONG_POSITIVE,STRONG_POSITIVE,1,
4900.00,4900.00,FORREST,DAN,,,SHAKE_HANDS,0,STRONG_POSITIVE,STRONG_POSITIVE,1,
4901.00,4901.00,FORREST,DAN,,,SHAKE_HANDS,0,STRONG_POSITIVE,STRONG_POSITIVE,1,
4973.00,4982.00,,,,,DANCE,0,POSITIVE,POSITIVE,1,
5257.00,5263.00,,,,,DANCE,0,POSITIVE,POSITIVE,1,
5278.00,5278.00,WOMAN,OLDMAN,,,SHAKE_HANDS,0,STRONG_POSITIVE,STRONG_POSITIVE,1,
5418.00,5429.00,JENNY,FORREST,,,HUG,1,STRONG_POSITIVE,STRONG_POSITIVE,1,
5483.00,5485.00,JENNY,FORREST,,,PAT,0,STRONG_POSITIVE,STRONG_POSITIVE,1,
5488.00,5491.00,JENNY,FORREST,,,DANCE,0,STRONG_POSITIVE,STRONG_POSITIVE,1,
5488.00,5491.00,FORREST,JENNY,,,DANCE,0,STRONG_POSITIVE,STRONG_POSITIVE,1,
5495.00,5500.00,JENNY,FORREST,,,DANCE,0,STRONG_POSITIVE,STRONG_POSITIVE,1,
5506.00,5508.00,FORREST,JENNY,,,DANCE,0,STRONG_POSITIVE,STRONG_POSITIVE,1,
5506.00,5508.00,JENNY,FORREST,,,DANCE,0,STRONG_POSITIVE,STRONG_POSITIVE,1,
5509.00,5516.00,JENNY,FORREST,,,CUDDLE,0,STRONG_POSITIVE,STRONG_POSITIVE,1,
5541.00,5541.00,JENNY,FORREST,FACE,HEAD,,0,POSITIVE,STRONG_POSITIVE,1,
5627.00,5662.00,JENNY,FORREST,,,LAY_ON_SOMEBODY,1,STRONG_POSITIVE,STRONG_POSITIVE,1,
5632.00,5632.00,JENNY,FORREST,FACE,FACE,,0,STRONG_POSITIVE,STRONG_POSITIVE,1,
5636.00,5649.00,JENNY,FORREST,FACE,FACE,,1,STRONG_POSITIVE,STRONG_POSITIVE,1,
5636.00,5649.00,FORREST,JENNY,FACE,FACE,,1,STRONG_POSITIVE,STRONG_POSITIVE,1,
5643.00,5651.00,FORREST,JENNY,,,HUG,1,STRONG_POSITIVE,STRONG_POSITIVE,1,
5655.00,5661.00,FORREST,JENNY,,BACK,HUG,1,STRONG_POSITIVE,STRONG_POSITIVE,1,
5928.00,5930.00,MEN,FORREST,,,BRUSH PAST,1,POSITIVE,NEGATIVE,0,
5931.00,5932.00,MEN,FORREST,,,BRUSH PAST,1,POSITIVE,NEGATIVE,0,
6078.00,6507.00,MEN,MEN,,ABDOMEN,PUSH_AWAY,0,NEGATIVE,NEGATIVE,1,
6106.00,6111.00,MEN,MEN,,ABDOMEN,PUSH_AWAY,0,NEGATIVE,NEGATIVE,1,
6141.00,6144.00,MEN,MEN,,,BRUSH PAST,0,NEGATIVE,NEGATIVE,0,
6189.00,6189.00,FORREST,OLDWOMAN,,,BRUSH PAST,0,POSITIVE,POSITIVE,0,
6190.00,6190.00,FORREST,OLDWOMAN,,,BRUSH PAST,0,POSITIVE,POSITIVE,0,
6204.00,6206.00,JENNY,FORREST,,,HUG,1,STRONG_POSITIVE,STRONG_POSITIVE,1,
6207.00,6207.00,JENNY,FORREST,,CHEST,PAT,0,STRONG_POSITIVE,STRONG_POSITIVE,1,
6278.00,6278.00,WOMAN,BOY,,,HOLD_HANDS,0,POSITIVE,POSITIVE,1,
6278.00,6278.00,BOY,WOMAN,,,HOLD_HANDS,0,POSITIVE,POSITIVE,1,
6279.00,6280.00,WOMAN,BOY,,,HOLD_HANDS,0,POSITIVE,POSITIVE,1,
6279.00,6280.00,BOY,WOMAN,,,HOLD_HANDS,0,POSITIVE,POSITIVE,1,
6280.00,6284.00,JENNY,BOY,,,CARRY,1,STRONG_POSITIVE,STRONG_POSITIVE,1,
6287.00,6298.00,JENNY,BOY,,,CARRY,1,STRONG_POSITIVE,STRONG_POSITIVE,1,
6302.00,6303.00,JENNY,BOY,,,CARRY,1,STRONG_POSITIVE,STRONG_POSITIVE,1,
6344.00,6345.00,JENNY,FORREST,,CHEST,PAT,0,POSITIVE,POSITIVE,1,
6346.00,6348.00,JENNY,FORREST,,,HOLD_HANDS,0,POSITIVE,POSITIVE,1,
6479.00,6480.00,OLDWOMAN,FORREST,,BACK,TAP,0,POSITIVE,POSITIVE,1,
6502.00,6510.00,JENNY,FORREST,,CHEST,FIX CLOTHING,0,POSITIVE,POSITIVE,1,
6517.00,6519.00,JENNY,FORREST,,,FIX CLOTHING,0,POSITIVE,POSITIVE,1,
6557.00,6560.00,DAN,WOMAN,,BACK,ARM_AROUND_SHOULDER,0,STRONG_POSITIVE,STRONG_POSITIVE,1,
6565.00,6567.00,DAN,WOMAN,,BACK,ARM_AROUND_SHOULDER,0,STRONG_POSITIVE,STRONG_POSITIVE,1,
6574.00,6575.00,JENNY,DAN,,HEAD,PAT,0,POSITIVE,POSITIVE,1,
6575.00,6575.00,JENNY,DAN,FACE,FACE,,0,POSITIVE,POSITIVE,1,
6586.00,6588.00,JENNY,BOY,,,,0,POSITIVE,POSITIVE,1,
6590.00,6599.00,JENNY,FORREST,,,HOLD_HANDS,0,STRONG_POSITIVE,STRONG_POSITIVE,1,
6590.00,6599.00,FORREST,JENNY,,,HOLD_HANDS,0,STRONG_POSITIVE,STRONG_POSITIVE,1,
6602.00,6607.00,JENNY,FORREST,,,HOLD_HANDS,0,STRONG_POSITIVE,STRONG_POSITIVE,1,
6602.00,6607.00,FORREST,JENNY,,,HOLD_HANDS,0,STRONG_POSITIVE,STRONG_POSITIVE,1,
6606.00,6613.00,FORREST,BOY,,,HOLD_HANDS,0,STRONG_POSITIVE,STRONG_POSITIVE,1,
6724.00,6727.00,JENNY,FORREST,,,HOLD_HANDS,0,POSITIVE,POSITIVE,1,
6782.00,6783.00,FORREST,BOY,FACE,HEAD,,0,STRONG_POSITIVE,STRONG_POSITIVE,1,AUDITORY
6954.00,6958.00,FORREST,BOY,,,NESTLE,0,POSITIVE,POSITIVE,0,
6959.00,6960.00,FORREST,BOY,,,NESTLE,0,POSITIVE,POSITIVE,0,
6968.00,6969.00,FORREST,BOY,,,BRUSH PAST,0,POSITIVE,POSITIVE,0,
6971.00,6971.00,FORREST,BOY,,,BRUSH PAST,0,POSITIVE,POSITIVE,0,
6973.00,6973.00,FORREST,BOY,,,FIX CLOTHING,0,POSITIVE,POSITIVE,1,
